TIME,European Union - 27 countries (from 2020),European Union - 28 countries (2013-2020),Belgium,Région de Bruxelles-Capitale/Brussels Hoofdstedelijk Gewest,Région de Bruxelles-Capitale/Brussels Hoofdstedelijk Gewest,Vlaams Gewest,Prov. Antwerpen,Prov. Limburg (BE),Prov. Oost-Vlaanderen,Prov. Vlaams-Brabant,Prov. West-Vlaanderen,Région wallonne,Prov. Brabant wallon,Prov. Hainaut,Prov. Liège,Prov. Luxembourg (BE),Prov. Namur,Bulgaria,Severna i yugoiztochna Bulgaria,Severozapaden,Severen tsentralen,Severoiztochen,Yugoiztochen,Yugozapadna i yuzhna tsentralna Bulgaria,Yugozapaden,Yuzhen tsentralen,Czechia,Cesko,Praha,Strední Cechy,Jihozápad,Severozápad,Severovýchod,Jihovýchod,Strední Morava,Moravskoslezsko,Denmark,Danmark,Hovedstaden,Sjælland,Syddanmark,Midtjylland,Nordjylland,Germany (until 1990 former territory of the FRG),Baden-Württemberg,Stuttgart,Karlsruhe,Freiburg,Tübingen,Bayern,Oberbayern,Niederbayern,Oberpfalz,Oberfranken,Mittelfranken,Unterfranken,Schwaben,Berlin,Berlin,Brandenburg,Brandenburg,Bremen,Bremen,Hamburg,Hamburg,Hessen,Darmstadt,Gießen,Kassel,Mecklenburg-Vorpommern,Mecklenburg-Vorpommern,Niedersachsen,Braunschweig,Hannover,Lüneburg,Weser-Ems,Nordrhein-Westfalen,Düsseldorf,Köln,Münster,Detmold,Arnsberg,Rheinland-Pfalz,Koblenz,Trier,Rheinhessen-Pfalz,Saarland,Saarland,Sachsen,Dresden,Chemnitz,Leipzig,Sachsen-Anhalt,Sachsen-Anhalt,Schleswig-Holstein,Schleswig-Holstein,Thüringen,Thüringen,Estonia,Eesti,Eesti,Ireland,Éire/Ireland,Northern and Western,Southern,Eastern and Midland,Greece,Attiki,Attiki,"Nisia Aigaiou, Kriti",Voreio Aigaio,Notio Aigaio,Kriti,Voreia Ellada,"Anatoliki Makedonia, Thraki",Kentriki Makedonia,Dytiki Makedonia,Ipeiros,Kentriki Ellada,Thessalia,Ionia Nisia,Dytiki Ellada,Sterea Ellada,Peloponnisos,Spain,Noroeste (ES),Galicia,Principado de Asturias,Cantabria,Noreste (ES),País Vasco,Comunidad Foral de Navarra,La Rioja,Aragón,Comunidad de Madrid,Comunidad de Madrid,Centro (ES),Castilla y León,Castilla-la Mancha,Extremadura,Este (ES),Cataluña,Comunitat Valenciana,Illes Balears,Sur (ES),Andalucía,Región de Murcia,Ciudad de Ceuta,Ciudad de Melilla,Canarias,Canarias,France,Île de France,Île de France,Centre - Val de Loire,Centre - Val de Loire,Bourgogne - Franche-Comté,Bourgogne,Franche-Comté,Normandie,Basse-Normandie,Haute-Normandie,Hauts-de-France,Nord-Pas-de-Calais,Picardie,Grand Est,Alsace,Champagne-Ardenne,Lorraine,Pays-de-la-Loire,Pays-de-la-Loire,Bretagne,Bretagne,Nouvelle-Aquitaine,Aquitaine,Limousin,Poitou-Charentes,Occitanie,Languedoc-Roussillon,Midi-Pyrénées,Auvergne - Rhône-Alpes,Auvergne,Rhône-Alpes,Provence-Alpes-Côte d'Azur,Provence-Alpes-Côte d'Azur,Corse,Corse,RUP FR - Régions ultrapériphériques françaises,Guadeloupe,Martinique,Guyane,La Réunion,Mayotte,Croatia,Hrvatska,Panonska Hrvatska,Jadranska Hrvatska,Kontinentalna Hrvatska (NUTS 2016),Grad Zagreb,Sjeverna Hrvatska,Italy,Nord-Ovest,Piemonte,Valle d'Aosta/Vallée d'Aoste,Liguria,Lombardia,Nord-Est,Provincia Autonoma di Bolzano/Bozen,Provincia Autonoma di Trento,Veneto,Friuli-Venezia Giulia,Emilia-Romagna,Centro (IT),Toscana,Umbria,Marche,Lazio,Sud,Abruzzo,Molise,Campania,Puglia,Basilicata,Calabria,Isole,Sicilia,Sardegna,Cyprus,Kypros,Kypros,Latvia,Latvija,Latvija,Lithuania,Lietuva,Sostines regionas,Vidurio ir vakaru Lietuvos regionas,Luxembourg,Luxembourg,Luxembourg,Hungary,Közép-Magyarország,Budapest,Pest,Dunántúl,Közép-Dunántúl,Nyugat-Dunántúl,Dél-Dunántúl,Alföld és Észak,Észak-Magyarország,Észak-Alföld,Dél-Alföld,Malta,Malta,Malta,Netherlands,Noord-Nederland,Groningen,Friesland (NL),Drenthe,Oost-Nederland,Overijssel,Gelderland,Flevoland,West-Nederland,Utrecht,Noord-Holland,Zuid-Holland,Zeeland,Zuid-Nederland,Noord-Brabant,Limburg (NL),Austria,Ostösterreich,Burgenland (AT),Niederösterreich,Wien,Südösterreich,Kärnten,Steiermark,Westösterreich,Oberösterreich,Salzburg,Tirol,Vorarlberg,Poland,Makroregion Poludniowy,Malopolskie,Slaskie,Makroregion Pólnocno-Zachodni,Wielkopolskie,Zachodniopomorskie,Lubuskie,Makroregion Poludniowo-Zachodni,Dolnoslaskie,Opolskie,Makroregion Pólnocny,Kujawsko-Pomorskie,Warminsko-Mazurskie,Pomorskie,Makroregion Centralny,Lódzkie,Swietokrzyskie,Makroregion Wschodni,Lubelskie,Podkarpackie,Podlaskie,Makroregion Województwo Mazowieckie,Warszawski stoleczny,Mazowiecki regionalny,Portugal,Continente,Norte,Algarve,Centro (PT),Área Metropolitana de Lisboa,Alentejo,Região Autónoma dos Açores (PT),Região Autónoma dos Açores (PT),Região Autónoma da Madeira (PT),Região Autónoma da Madeira (PT),Romania,Macroregiunea unu,Nord-Vest,Centru,Macroregiunea doi,Nord-Est,Sud-Est,Macroregiunea trei,Sud - Muntenia,Bucuresti - Ilfov,Macroregiunea patru,Sud-Vest Oltenia,Vest,Slovenia,Slovenija,Vzhodna Slovenija,Zahodna Slovenija,Slovakia,Slovensko,Bratislavský kraj,Západné Slovensko,Stredné Slovensko,Východné Slovensko,Finland,Manner-Suomi,Länsi-Suomi,Helsinki-Uusimaa,Etelä-Suomi,Pohjois- ja Itä-Suomi,Åland,Åland,Sweden,Östra Sverige,Stockholm,Östra Mellansverige,Södra Sverige,Småland med öarna,Sydsverige,Västsverige,Norra Sverige,Norra Mellansverige,Mellersta Norrland,Övre Norrland,Iceland,Ísland,Ísland,Liechtenstein,Liechtenstein,Liechtenstein,Norway,Norge,Oslo og Akershus (statistical region 2016),Innlandet,Sør-Østlandet (statistical region 2016),Agder og Rogaland (statistical region 2016),Vestlandet (statistical region 2016),Trøndelag,Nord-Norge,Oslo og Viken,Agder og Sør-Østlandet,Vestlandet,Switzerland,Schweiz/Suisse/Svizzera,Région lémanique,Espace Mittelland,Nordwestschweiz,Zürich,Ostschweiz,Zentralschweiz,Ticino,United Kingdom,North East (UK),Tees Valley and Durham,Northumberland and Tyne and Wear,North West (UK),Cumbria,Greater Manchester,Lancashire,Cheshire,Merseyside,Yorkshire and The Humber,East Yorkshire and Northern Lincolnshire,North Yorkshire,South Yorkshire,West Yorkshire,East Midlands (UK),Derbyshire and Nottinghamshire,"Leicestershire, Rutland and Northamptonshire",Lincolnshire,West Midlands (UK),"Herefordshire, Worcestershire and Warwickshire",Shropshire and Staffordshire,West Midlands,East of England,East Anglia,Bedfordshire and Hertfordshire,Essex,London,Inner London - West,Inner London - East,Outer London - East and North East,Outer London - South,Outer London - West and North West,South East (UK),"Berkshire, Buckinghamshire and Oxfordshire","Surrey, East and West Sussex",Hampshire and Isle of Wight,Kent,South West (UK),"Gloucestershire, Wiltshire and Bristol/Bath area",Dorset and Somerset,Cornwall and Isles of Scilly,Devon,Wales,West Wales and The Valleys,East Wales,Scotland,North Eastern Scotland,Highlands and Islands,Eastern Scotland,West Central Scotland,Southern Scotland,Northern Ireland (UK),Northern Ireland (UK),Serbia,Srbija - sever,Beogradski region,Region Vojvodine,Srbija - jug,Region Sumadije i Zapadne Srbije,Region Juzne i Istocne Srbije,Türkiye,Istanbul,Istanbul,Bati Marmara,"Tekirdag, Edirne, Kirklareli","Balikesir, Çanakkale",Ege,Izmir,"Aydin, Denizli, Mugla","Manisa, Afyonkarahisar, Kütahya, Usak",Dogu Marmara,"Bursa, Eskisehir, Bilecik","Kocaeli, Sakarya, Düzce, Bolu, Yalova",Bati Anadolu,Ankara,"Konya, Karaman",Akdeniz,"Antalya, Isparta, Burdur","Adana, Mersin","Hatay, Kahramanmaras, Osmaniye",Orta Anadolu,"Kirikkale, Aksaray, Nigde, Nevsehir, Kirsehir","Kayseri, Sivas, Yozgat",Bati Karadeniz,"Zonguldak, Karabük, Bartin","Kastamonu, Çankiri, Sinop","Samsun, Tokat, Çorum, Amasya",Dogu Karadeniz,"Trabzon, Ordu, Giresun, Rize, Artvin, Gümüshane",Kuzeydogu Anadolu,"Erzurum, Erzincan, Bayburt","Agri, Kars, Igdir, Ardahan",Ortadogu Anadolu,"Malatya, Elazig, Bingöl, Tunceli","Van, Mus, Bitlis, Hakkari",Güneydogu Anadolu,"Gaziantep, Adiyaman, Kilis","Sanliurfa, Diyarbakir","Mardin, Batman, Sirnak, Siirt"
2011,1063.11,1031.39,1023.1,985.18,985.18,961.63,961.02,966.49,1003.86,935.87,940.79,1143.16,963.16,1197.27,1157.37,1115.72,1122.03,1689.88,1774.16,1844.86,1783.36,1716.8,1740.2,1594.23,1576.21,1621.85,1331.4,1329.61,1173.52,1394.62,1332.46,1487.65,1320.98,1240.01,1316.52,1459.08,1111.5,1109.52,1123.15,1195.11,1096.99,1042.14,1120.62,1059.88,972.36,961.7,1006.25,952.05,969.5,1031.77,963.76,1106.25,1089.94,1109.16,1070.35,1030.45,1022.57,1034.07,1034.07,1105.36,1105.36,1074.9,1074.9,1046.37,1046.37,1024.34,1003.88,1048.01,1061.21,1132.28,1132.28,1076.69,1059.96,1057.74,1097.78,1094.11,1077.84,1093.86,1044.89,1088.98,1010.42,1121.61,1072.86,1081.86,1050.22,1071.68,1137.43,1137.43,1052.54,1004.24,1092.95,1065.04,1169.2,1169.2,1074.02,1074.02,1126.42,1126.42,1326.09,1326.09,1326.09,1030.07,1025.85,,,,1024.27,1010.31,1010.31,990.85,958.33,1045.66,982.98,,,,,,,,,,,,889.55,889.15,874.29,935.61,871.92,857.98,861,795.65,844.33,881.26,778.85,778.85,841.71,797.79,863.86,932.61,894.63,864.87,937.51,918.03,1007.76,1013.65,963.42,1136.46,1133.51,947.83,947.83,870.25,784.69,784.69,859.14,859.14,909.19,917.66,896.95,919.97,887.91,951.21,1054.78,1071.23,1021.05,934.4,894.18,937.92,963.29,827.85,827.85,923.49,923.49,849.36,826.81,907.74,862.33,834.58,864.44,806.85,831.02,914.68,809.59,828.5,828.5,866.77,866.77,,,779.21,880.67,970.25,,1451.42,1449.97,,1287.84,1537.36,,,917.39,894.82,919.83,911.06,929.83,874.95,866.17,825.53,809.44,865.58,895.34,868.1,899.82,878.15,852.4,837.76,944.47,975.75,908.68,908.44,1066.37,926.39,915.77,932.85,987.15,1016.09,901.3,1024.77,1024.77,1024.77,1576.89,1576.89,1576.89,1522.52,1521.58,1494.32,1528.14,1029.86,1029.86,1029.86,1532.84,1413.11,1342.78,1548.98,1558.21,1574.21,1527.9,1571.35,1597.41,1675.58,1553.34,1572.05,1036.18,1036.18,1036.18,1002.1,1026.03,1065.71,998.86,1017.79,1013.65,1021.55,1006.61,1036.34,977.25,976.38,983.36,981.21,921.14,1013.48,1014.43,1012.19,994.58,1036.3,1042.9,1041.29,1031.19,982.17,969.22,988.29,941.16,975.21,940.72,900.39,878.11,1325.61,1337.09,1250.07,1395.59,1337.56,1320.38,1339.16,1391.64,1330.41,1336.72,1309.76,1297.02,1323.12,1328.25,1252.85,,,,,,,,,,,1025.5,1011.31,1009.19,1035.43,1009.21,976.76,1107.75,1436.54,1436.54,1298.14,1298.14,1600.13,1610.19,1674.09,1544.97,1574.54,1552.56,1602.38,1553.6,1621.83,1453.59,1666.86,1637.07,1704.81,1099.64,1095.05,,,1471.24,1464.05,1302.38,1492.32,1498.91,1468.58,1028.94,1028,1025.96,994.69,1026.22,1066.48,975.04,975.04,966.34,945.32,919.4,973.47,947.59,953.61,939.17,951.51,1037.48,1005.31,1085.12,1058.45,933.23,933.23,933.23,945.45,945.45,945.45,996.15,992.68,961.8,1032.72,1015.49,999.36,931.28,1016.1,1049.11,,,,872.6,867.89,823.3,901.27,872.31,862.71,900.78,872.75,787.59,984.49,1081.23,1075.94,1085.25,1064.61,1005.72,1103.12,1074.74,955.99,1088.12,1040.71,1046.9,929.87,1069.03,1069.89,980.56,998.05,952.26,991.62,977.49,918.15,973.08,1016.33,904.6,888.01,902.56,931.36,907.41,866.98,1004.68,924.31,888.75,847.57,895.16,880.9,872.23,890.09,957.09,896.29,911.51,860.58,921.03,901.36,1021.91,1050.2,968.68,1153.89,1065.96,1114.23,1100.06,1270.34,1129.89,1017.66,1017.66,1786.88,,,,,,,1075.76,1251.27,1251.27,1081.57,1047.8,1106.82,1122.53,1166.15,977.89,1205.14,1213.08,1279.99,1134.92,1120.61,1131.62,1097.74,1010.87,1049.62,1007.54,972.63,1132.94,1252.96,1050.61,1034.51,1273.78,959.81,981.72,881.7,881.7,879.42,992.67,722.3,756.09,902.2,480.78,845.31,1032.99,768.65,686.2
2012,1070.44,1040.01,1051.47,1046.26,1046.26,987.5,1008.16,989.11,1024.69,950.73,953.57,1161.47,994.53,1217.21,1164.63,1123.86,1157.68,1709.04,1792.2,1879.3,1796.13,1734.54,1753.33,1602.04,1594.06,1614.26,1323.36,1321.07,1175.13,1375.08,1339.99,1475.48,1313.89,1256.1,1296.18,1408.11,1088.07,1085.88,1099.3,1139.11,1068.02,1049.35,1091.05,1061.01,980.24,974.4,1001.85,963.66,981.34,1032.36,965.1,1092.16,1112.52,1130.24,1061.54,1028.36,1017.26,1042.54,1042.54,1094.71,1094.71,1071.91,1071.91,1030.54,1030.54,1027.33,1004.03,1064.13,1064.81,1127.39,1127.39,1074.93,1062.66,1061.34,1089.86,1087.21,1086.71,1105.49,1062.18,1073.19,1029.35,1128.76,1070.87,1089.84,1021.84,1069.33,1113.07,1113.07,1049.24,1014.62,1073.59,1065.88,1154.88,1154.88,1070.22,1070.22,1120.54,1120.54,1317.07,1317.07,1317.07,1039.49,1035.64,,,,1047.05,1019.88,1019.88,1006.43,1042.04,1012.4,993.02,,,,,,,,,,,,898.41,894.43,879.02,942.99,875.44,854.71,857.16,804.62,865.28,870.75,771.24,771.24,863.49,810.67,887.03,977.89,906.57,878.91,945.28,939.46,1021.18,1026.72,984.78,1040.67,1073.98,945.37,945.37,887.79,794.21,794.21,874.96,874.96,908.45,916.31,895.79,940.59,918.25,961.72,1070.04,1092.43,1025.86,947.81,906.49,961.83,972.64,851.73,851.73,944.5,944.5,872.15,861.67,902.17,877.34,854.83,880.49,831.2,855.2,943.36,831.87,852.05,852.05,834.16,834.16,,756.73,782.47,985.45,971.86,,1371.21,1369.56,,1234.77,1441.19,,,922.62,902.45,928.38,884.65,917.83,886.77,877.57,851.27,800.45,878.45,896.46,882.51,906.96,892.25,880.32,853.5,938.08,969.53,903.29,885.41,1049.18,927.2,911.28,939.23,990.72,1019.88,904.5,1055.78,1055.78,1055.78,1591.06,1591.06,1591.06,1506.04,1505.33,1473.95,1511.97,983.19,983.19,983.19,1538.63,1416.25,1327.56,1580.5,1565.62,1570.71,1548.54,1577.04,1602.59,1665.8,1571.01,1578.74,1059.82,1059.82,1059.82,1017.89,1049.63,1092.59,1028.6,1033.06,1025.25,1016.99,1029.42,1034.33,992.68,962.5,1012.68,997.15,926.64,1025.68,1018.79,1039.77,1014.65,1066.39,1109.76,1078.5,1048.34,994.86,996.66,994.12,947.65,984.43,900.23,927.9,903.15,1328.29,1338.46,1256.84,1391.87,1327.75,1324.05,1322.37,1345.25,1348.49,1349.82,1343.48,1330.48,1355.41,1343.49,1298.11,,,,,,,,,,,1052.09,1040.11,1034.53,1064.49,1060.87,988.63,1128.41,1318.92,1318.92,1345.62,1345.62,1602.12,1603.08,1670.81,1533.47,1599.61,1597.06,1602.47,1559.75,1614.25,1477.97,1647.29,1638.27,1659.16,1090.86,1086.59,,,1461.04,1454.1,1282.18,1468.89,1493.55,1476.27,1026.98,1025.07,1003.34,992.14,1031.93,1075.22,1161.26,1161.26,975.9,937.12,900.94,976.66,966.8,959.83,981,959.69,1056.17,1045.95,1053.22,1078.01,880.54,880.54,880.54,847.32,847.32,847.32,999.06,995.55,976.63,1082.79,1024.68,996.88,922.22,976.35,1046.2,,,,881.8,876.45,835.88,907.9,877.42,860.04,926.89,884.66,791.77,1008.99,1120.03,1122.2,1118.15,1092.9,999.55,1133.47,1089.01,1008.43,1125.87,1058.97,1075.74,945.4,1079.81,1090.07,1004.36,1026.62,980.37,994.41,1009.93,946.98,1021.4,1041.14,930.68,904.05,949.85,953.6,924.11,869.4,1006.25,951.63,905.04,873.18,917.77,916.17,898.45,920.33,951.41,919.55,921.33,884.17,944.11,948.94,1051.74,1076.77,1005.05,1171.67,1097.21,1059.17,1135.37,1296.18,1160.67,1050.93,1050.93,1745.7,,,,,,,1060.93,1236.76,1236.76,1118.77,1146.14,1099.61,1107.76,1146.85,971.44,1191.1,1183.47,1244.44,1112.43,1100.37,1120.99,1058.64,1005.72,1032.64,1009.08,970.87,1057.7,1144.94,999.07,1019.56,1261.17,995.23,943.81,875.12,875.12,841.98,913.73,738.35,756.06,899.21,486.1,826.94,997.6,763.86,672.8
2013,1042.47,1029.41,1035.24,1002.35,1002.35,974.57,983.58,949.99,1009.61,947.35,965.49,1150.27,941.32,1212.59,1145.73,1111.75,1178.48,1604.92,1670.61,1705.86,1689.18,1630.48,1657,1513.46,1508.59,1521.35,1308.17,1305.68,1145.62,1355.75,1315.92,1494.79,1296.37,1212.5,1316.08,1391.04,1074.09,1071.77,1080.35,1123.74,1055.75,1029.39,1098.15,1072.4,974.53,971.14,999.13,972.6,946.4,1026.47,953.67,1085,1105.31,1115.24,1058.88,1044.05,1014.04,1039.42,1039.42,1114.54,1114.54,1117.9,1117.9,1034.75,1034.75,1044.98,1019.54,1068.64,1096.09,1152.5,1152.5,1100.7,1100.94,1071.3,1115.32,1120.84,1105.39,1129.48,1077.92,1084.81,1037.56,1155.04,1080.49,1099.13,1050.1,1073.21,1141.89,1141.89,1070.43,1023.4,1109.63,1083.71,1178.81,1178.81,1093.65,1093.65,1121.74,1121.74,1283.83,1283.83,1283.83,1034.34,1029.59,1000.22,1081.25,1001.68,978.32,969.68,969.68,930.84,945.09,940.52,922.81,1012.73,1104.48,1016.81,1004.6,878.31,962.92,971.71,991.96,1004.15,927.02,932.02,848.32,857.6,848.97,896.21,823.73,811.23,810.08,779.05,795.79,829.54,737.47,737.47,821.59,777.25,831.43,934.43,849.67,828.17,879.82,869.8,951.78,959.76,894.82,1117.65,1015.74,875.43,875.43,864.93,769.73,769.73,868.14,868.14,880.2,890.39,865,924.82,894.43,953.66,1049.4,1067.51,1012.67,938.37,910.03,948.77,956.84,834.49,834.49,916.01,916.01,855.69,835.65,891.33,875.52,826.56,846.42,808.1,821.42,902.57,800.41,822.81,822.81,840.66,840.66,798.81,765.47,778.99,878.66,947.12,,1359.18,1357.07,,1206.71,1438.3,,,878.29,862.1,895.49,858.08,894.39,839.06,837.8,800.01,804.09,837.77,873.31,835.13,855.73,844.24,827.65,819.52,878.06,931.45,876.63,852.17,1022.62,870.01,881.19,897.09,927.36,952.01,854.98,951.52,951.52,951.52,1549.27,1549.27,1549.27,1510.91,1510,1490.7,1512.39,941.98,941.98,941.98,1489.03,1369.01,1287.71,1519.39,1525.39,1532.21,1497.93,1546.02,1545.97,1630.32,1517.5,1501.96,974.72,974.72,974.72,1003.64,1024.77,1062.77,1013.59,999.76,1017.59,1043.21,1004.51,1013.8,978.46,958.84,986.31,986.95,923.59,1009.68,1004.34,1020.43,998.03,1040.04,1051.25,1041.16,1037.2,958.33,968.28,953.65,958.71,1006.75,921.85,909.13,910.86,1308.16,1308,1218.76,1367.58,1337.28,1329.34,1335.94,1364.35,1319.45,1321.2,1315.07,1298.85,1323.68,1366.49,1233.38,1390.9,1432.3,1307.79,1241.39,1299.44,1190.42,1225.26,1225.83,1136.87,1348.41,1024.83,1011.67,1010.55,1039.99,1025.57,968.08,1089.18,1452.62,1452.62,1259.1,1259.1,1520.65,1529.04,1588.27,1467.75,1527.32,1523.84,1532.16,1465.96,1529.74,1372.95,1555.85,1523.88,1596.98,1072.08,1067.23,1153.29,970.02,1418.12,1409.36,1294.09,1427.47,1448.59,1402.22,999.43,998.13,970.75,955.34,1022.8,1047.49,943.52,943.52,950.13,911.41,871.2,956.19,942.15,931.68,954.81,937.77,1026.63,1001.47,1053.29,1050.34,943.31,943.31,943.31,915.81,915.81,915.81,941.43,937.49,890.43,1014.51,982.99,943.73,893.68,900.56,974.69,,,,873.58,868.29,829.31,902.48,865.91,865.08,894.45,875.37,791.17,995.65,1090.68,1095.99,1086.51,1082.72,979.92,1120.42,1086.65,970.3,1136.55,1043.28,1062.43,919.57,1068.2,1075.27,993.88,1018.39,967.2,983.59,1004.23,933.52,1017.47,1038.52,921.06,917.47,909.19,937.16,892.89,818.42,968.62,930.11,875.59,844.9,906.24,892.05,878.76,921.17,954.42,922.76,941.59,884.7,971.61,915.07,1048.77,1074.77,1000.62,1141.6,1084.7,1025.23,1100.66,1253.43,1150.2,1038.26,1038.26,1663.71,,,,,,,1135.98,1137.57,1137.57,1238.28,1246.65,1232.9,1154.56,1134.03,1067.13,1266.26,1237.05,1289.41,1176.29,1116.08,1104,1140.54,1129.64,1115.75,1165.25,1096.83,1191.3,1177.02,1200.73,1171.8,1214.88,1100.26,1184.84,981.31,981.31,1127.74,1159.26,1080.41,1008.1,1032.97,956.46,982.65,1146.67,943.5,805.28
2014,1006.92,1002.77,970.8,956.81,956.81,904.64,920.99,887.71,926.68,883.22,890.71,1088.67,944.18,1146.3,1079.49,1020.9,1101.97,1648.69,1729.46,1787.57,1753.86,1675.16,1703.95,1553.31,1541.02,1571.17,1237.38,1235.12,1108.08,1254.83,1237.32,1415.18,1216.57,1147.28,1227.8,1360.67,1028.53,1025.78,1028.7,1077.36,1021.79,992.09,1028.42,1017.32,936.79,920.83,959.63,943.86,928.68,978.41,909.74,1064.27,1047.33,1053.09,1022.1,974.17,958.71,998.99,998.99,1054.55,1054.55,1037.47,1037.47,988.79,988.79,977.27,955.6,1014.16,1009.5,1065.14,1065.14,1042.09,1042.33,1037.03,1050.93,1041.88,1043.71,1057.08,1022.51,1035.79,984.18,1088.02,1027.4,1060.56,1011.34,1005.53,1091.86,1091.86,1008.98,967.13,1040.91,1025.9,1131.69,1131.69,1031.91,1031.91,1068.06,1068.06,1269.42,1269.42,1269.42,993.58,989.39,968.9,1026.94,970.02,967.28,957.95,957.95,948.18,950.87,983.62,933.97,989.45,1062.1,1012.12,938.9,818.31,954.66,969.22,986.06,975.5,935.61,921.62,837.46,839.58,818.19,889.48,851.31,810.78,802.16,791.01,783,838.55,724.74,724.74,807.99,771.83,822.24,891.14,841.19,814.02,878.94,866.59,937.13,942.86,894.2,1020.36,1053.56,888.82,888.82,829.13,737.38,737.38,828.12,828.12,845.59,846.74,845.39,882.48,852.03,911.38,985.5,998.64,959.16,892.6,864.85,896.14,913.61,791.25,791.25,867.85,867.85,815.47,815.1,843.31,804.13,802.48,826.02,780.34,788.57,861.6,769.84,795.76,795.76,813.39,813.39,896.53,843.78,872.83,901.84,930.78,1266.88,1355.97,1353.84,,1212.25,1430.83,,,854.08,832.95,863.26,848.17,840.91,816,810.83,794.85,763.94,809.89,819.81,816.09,832.29,813.99,791.33,799.74,861.93,910.77,849,848.53,988.23,857.59,864.64,896.95,914.52,941.06,837.42,980.1,980.1,980.1,1503.16,1503.16,1503.16,1449.26,1448.52,1448.18,1446.68,917.54,917.54,917.54,1455.53,1310.98,1232.04,1454.08,1475.32,1485.76,1457.84,1482.71,1543.59,1624.89,1512.39,1503.6,936.34,936.34,936.34,958.23,977.85,1027.92,965.54,940.68,967.5,992.43,959.07,926.95,929.39,927.74,943.99,932.64,837.58,976.39,976.01,977.24,957.32,999.5,1021.88,994.61,998.5,936.21,931.38,938.63,906.29,938.08,881.41,883.85,852.33,1241.07,1243.09,1158.21,1299.47,1244.92,1240.79,1241.04,1265.2,1247.33,1255.91,1223.3,1235.1,1258.52,1253.42,1201.85,1322.45,1358.57,1248.63,1199.82,1242.05,1165.74,1183.51,1197.09,1106.11,1323.55,991.41,975.19,969.97,1007.72,980.96,942.45,1055.31,1378.22,1378.22,1427.82,1427.82,1516.64,1498.13,1548.2,1447.27,1531.14,1516.62,1550.55,1467.49,1529.48,1374.5,1565.92,1557.58,1576.59,1018.63,1012.53,1089.82,925.88,1353.52,1345.38,1209.94,1377.56,1363.31,1347.68,994.85,994,987.87,953.54,997.27,1039.65,870.96,870.96,922.22,893.45,879.27,908.92,906.83,889.71,916.38,907.98,994.64,966.23,1043.58,1006.66,882.53,882.53,882.53,976.36,976.36,976.36,913.73,908.97,861.52,1004.19,958.27,886.55,852.54,910.45,946.17,,,,838.92,833.31,776.95,872.36,848.46,821.18,880.91,837.8,734.03,972.21,1078.16,1067.93,1086.4,1055.55,953.08,1100.29,1071.97,935.57,1092.72,1020.69,1029.74,893.54,1053.13,1053.68,970.25,999.84,940.48,953.38,977.36,910.51,971.44,1023.26,899.5,879.3,898.86,931.55,881.82,787.34,962.38,918.67,882.19,827.62,886.11,876.5,860.34,879.49,950.65,885.34,893.47,859.58,902.76,895.14,1028.92,1052.54,985.44,1117.13,1088.11,1008.53,1055.15,1237.41,1138.48,1004.53,1004.53,1636.2,,,,,,,1167,1171.64,1171.64,1274.83,1299.32,1258.69,1181.09,1157.96,1071.51,1323.2,1267.18,1318.86,1207.6,1134.68,1107.22,1190.21,1131.74,1101.55,1154.02,1134.82,1223.4,1217.34,1226.51,1206.83,1236.63,1164.13,1213.97,1022.6,1022.6,1181.53,1154.29,1219.01,1062.85,1067.54,1046.47,1046.14,1170.74,1014.87,911.31
2015,1040.6,1036.21,1001.94,980.69,980.69,933.31,950.96,920.85,968.42,906.45,906.28,1129.52,974.77,1182.69,1133.84,1065.21,1135.06,1660.22,1727.32,1774.14,1746.54,1682.88,1705.9,1578.31,1556.69,1610.17,1280.23,1277.89,1126.24,1309.59,1321.1,1444.78,1251.61,1201.9,1271.21,1375.12,1032.58,1030.47,1045.18,1074.2,1009.71,990.87,1056.07,1057.59,980.38,972.34,1003.41,975.1,969.69,1026.49,952.87,1112.29,1107.61,1112.16,1076.11,1028.5,996.29,1031.22,1031.22,1080.13,1080.13,1072.58,1072.58,1015.22,1015.22,1038.23,1016.18,1079.93,1068.33,1102.78,1102.78,1075.18,1076.89,1075,1067.56,1081.87,1080.67,1102.95,1051.35,1058.02,1012.46,1136.4,1059.72,1071.42,1058.39,1050.81,1146.5,1146.5,1045.97,1008.76,1077.99,1055.06,1167.87,1167.87,1066.1,1066.1,1116.68,1116.68,1236.76,1236.76,1236.76,1000.98,995.94,959.13,1029.85,987.85,1003.37,1006.16,1006.16,971.03,975.41,972.24,968.55,1016.35,1083.82,1029.14,986.46,872.67,990.89,964.05,1084.8,1024.18,958.33,985.86,872.68,866.53,848.21,917.67,858,833.14,829.67,792.22,819.8,860.58,762.08,762.08,842.94,793.57,871.95,933.66,871.46,839.33,917.53,898.61,994.52,1002.47,942.77,973.25,1086.57,908.48,908.48,858.16,763.56,763.56,862.71,862.71,878.42,888.11,863.83,905.44,872.52,936.73,1020.4,1033.18,995.13,929.48,897.67,941.76,949.42,834.91,834.91,894.79,894.79,843.09,832.28,894.96,839.69,825.31,852.29,799.84,821.83,895.6,802.62,829.17,829.17,809.02,809.02,835.86,727.75,776.4,920.15,935.89,1233.93,1429.88,1428.02,,1291.94,1502.63,,,901.26,881.22,919.31,965.84,893.84,859.1,851.22,807.45,793.27,853.32,867.89,854.54,879.49,869.49,840.2,849.37,900.5,963.55,888.27,900.55,1060.24,902.33,916.81,929.48,959.44,990.15,872.18,1047.48,1047.48,1047.48,1489.41,1489.41,1489.41,1490.35,1489.39,1455.19,1498.12,930.15,930.15,930.15,1500.2,1373.3,1283.65,1532.99,1523.98,1571.06,1453.6,1545.86,1572.35,1635.69,1552.21,1537.08,947.55,947.55,947.55,991.78,1008.1,1046.33,990.39,991.82,986.8,1005.64,980.24,966.58,969.29,947.24,990.31,967.9,915.5,1012.15,1002.38,1032.03,990.02,1021.9,1034.58,1030.01,1010.43,983.92,973.52,988.9,942.72,989.12,892.55,913.1,885.55,1273.62,1281.72,1199,1336.89,1302.08,1305.73,1287.67,1311.25,1297.16,1301.3,1284.28,1251.68,1263.69,1284.29,1219.71,1362.42,1395.81,1295.04,1223.44,1261.98,1198.02,1199.26,1203.81,1113.81,1331.49,1005.36,989.15,971.53,1003.76,993.72,958.05,1131.73,1432.89,1432.89,1425.87,1425.87,1529.97,1531.37,1585.4,1475.1,1534.63,1539.23,1529.17,1475.73,1527.05,1398.57,1579.98,1536.93,1636.45,1041.14,1033.51,1123.61,933,1390.61,1382.07,1232.67,1402.44,1415.75,1391.1,968.81,967.31,951.16,942.12,966.46,1012.08,951.34,951.34,926.7,893.02,872.37,916.35,906.87,910.37,907.54,904.53,1020.33,1006.22,1061.24,1014.44,913.05,913.05,913.05,878.16,878.16,878.16,907.3,902.68,859,973.39,956.71,893.03,849.42,888.62,935.98,,,,868.04,862.06,812.2,900.2,880.45,855.62,872.52,874.37,802.51,1003.64,1127.84,1135.38,1121.75,1083.09,984.02,1138.86,1073.22,965.09,1126.18,1040.82,1076.11,908.58,1058.63,1074.67,1013.45,1049.22,976.37,996.49,1014.94,940.65,1018.82,1059.03,931.72,913.66,925.39,966.04,899.52,824.01,979.89,954.22,874.39,839.62,904.19,870.07,888.4,903.47,972.98,928.66,932.05,909.24,967.17,930.67,1053.73,1079.77,1006.18,1167.66,1125.06,1089.9,1109.96,1286.16,1175.07,1037.15,1037.15,1648.21,,,,,,,1168.38,1167.96,1167.96,1288.49,1300.97,1280.55,1207.87,1164.8,1130.08,1344.59,1269.55,1319.56,1212.46,1131.68,1113.44,1169.96,1137.57,1102.18,1178.4,1122.83,1219.03,1174.78,1248.27,1184.98,1210,1170.68,1182.19,1013.66,1013.66,1168.61,1169.21,1164.09,1065.52,1055.64,1070.48,1031.7,1156.3,988.34,914.23
2016,999.05,997.62,960.71,944.6,944.6,889.05,907.73,878.01,912.18,874.53,863.12,1088.11,904.55,1153.34,1083.02,1069.19,1080.04,1601.88,1660.37,1741.64,1658.94,1619.69,1623.09,1529.8,1518.21,1546.49,1206.06,1203.85,1082.48,1226.18,1220.75,1370.4,1171.18,1131.5,1198.99,1303.63,1016.28,1013.63,1031.88,1068.8,987.11,968.47,1037.72,1017.25,942.59,929.18,976.96,938.96,923.88,972.21,904.33,1045.98,1049.03,1051.3,1019.21,967.59,951.56,996.47,996.47,1043.56,1043.56,1044.67,1044.67,982.39,982.39,978.57,950.97,1018.09,1025.17,1076.85,1076.85,1050.71,1058.63,1029.14,1049.88,1069.48,1047.43,1061.25,1012.6,1040.05,1001.67,1098.47,1014.35,1051.15,1007.37,987.77,1083.87,1083.87,1001.66,957.63,1037.23,1016.07,1109.54,1109.54,1046.4,1046.4,1068.75,1068.75,1206.88,1206.88,1206.88,983.02,977.48,945,1050.1,936.13,957.87,967.19,967.19,925.16,924.35,941.64,917.57,966.12,1026.28,987.34,908.38,817.82,943.78,949.13,1013.1,975.73,923.83,901.47,829.05,847.33,836.19,887.67,826.69,794.09,799.16,781.1,772.44,798.81,710.51,710.51,806.29,761.92,825.96,898.99,825.66,800.06,863.51,834.51,934.78,942.52,883.25,974.82,979.85,871,871,834.57,745.12,745.12,837.28,837.28,856.18,864.4,844.03,883.01,859.59,904.57,990.81,1000.2,972.26,898.09,853.6,915.2,923.64,803.88,803.88,890.47,890.47,814.19,796.9,859.02,826.21,807.1,836.67,779.21,791.09,871.27,770.73,802.7,802.7,781.38,781.38,858.9,776.69,815.48,885.77,926.78,1342.39,1336.05,1334.01,,1219,1396.87,,,843.15,820.47,853.89,866.52,827.77,802.3,808.22,775.7,755.74,807.54,815.34,816.41,825.05,806.55,800.63,793.97,849.94,894.91,837.92,810.23,983.99,830.26,862.76,869.21,890.34,913.33,825.24,966.21,966.21,966.21,1476.67,1476.67,1476.67,1455.39,1452.21,1418.44,1464.17,904.72,904.72,904.72,1425.36,1302.67,1228.37,1434.98,1439.57,1468.23,1400.63,1448.24,1500.58,1578.85,1493,1442.35,881.82,881.82,881.82,980.31,1014.19,1047.43,1004.29,994.11,978.79,997.26,969.76,973.33,959.82,937.02,981.69,961.34,889.48,988.31,991.1,983.41,939.7,976.67,988.79,990.67,959.82,932.64,937.69,930.43,886.83,915.76,863.03,859.68,855.4,1218.22,1211.23,1140.08,1258.06,1238.03,1236.07,1231.92,1256.64,1213.63,1222.48,1186.52,1227.32,1227.46,1278.7,1195.72,1293.12,1327.67,1223.47,1173.45,1199.29,1147.75,1172.92,1171.99,1085.78,1294.82,1005.03,990.53,973.58,1073.83,998.2,949.92,1111.42,1455.9,1455.9,1318.44,1318.44,1479.39,1458.87,1501.11,1416.05,1504.2,1497.71,1512.31,1454.87,1500.01,1387.02,1483.73,1433.21,1551.04,1013.64,1005.53,1097,905.72,1323.93,1315.24,1191.25,1357.86,1344.98,1285.48,976.05,974.4,962.58,935.96,984.66,1017.3,985.08,985.08,913.05,886.45,859.46,916.24,899.76,880.1,908.55,902.88,978.41,961.82,1005.19,986.95,944.58,944.58,944.58,891.57,891.57,891.57,899.01,894.88,845.43,990.54,925.02,890.3,852.56,890.82,937.35,,,,812.4,806.09,756.08,850.99,821.63,799.14,836.13,797.33,709.3,986.86,1103.28,1120.92,1088.78,1075.14,966.1,1107.72,1079.85,979,1129.59,1039.11,1062.23,905.47,1068.46,1072.43,988.1,1021.08,953.27,974.05,997.33,927.35,1008.48,1032.3,918.96,902.49,891.87,969.12,859.7,762.62,917.63,914.86,871.72,800.44,892.92,864.18,877.23,892.12,955.02,923.75,931.29,893.12,945.48,939.89,1047.15,1069.03,1006.69,1137.73,1075.21,1015.09,1099.45,1259.78,1138.58,1013.77,1013.77,1570.96,,,,,,,1189.56,1188.98,1188.98,1275.75,1267.32,1284.36,1225.66,1207.65,1141.1,1336.58,1281.42,1309.37,1249.53,1140.07,1117.07,1187.76,1174.63,1119.26,1235.88,1157.8,1231.46,1202.69,1250.52,1201.09,1239.65,1160.77,1203.38,1022.85,1022.85,1175.89,1163.13,1191.3,1099.96,1096.15,1098.72,1117.85,1251.71,1060.88,1006.98
2017,1005.68,1003,955.7,933.16,933.16,890.26,914.46,867.8,908.65,861.28,881.37,1073.58,917.97,1113.52,1082.06,1045.85,1085.41,1621.74,1695.08,1765.32,1712.93,1636.98,1669.21,1536.07,1510.13,1573.32,1223.84,1221.45,1063.89,1245.63,1232.27,1391.13,1194.95,1163.65,1231.75,1311.3,1005.8,1003.17,1018.61,1073.88,984.65,970.66,976.05,1022.94,944.29,934.34,977.49,936,925.74,986.13,914.87,1062.37,1039.61,1078.75,1046.32,993.37,954.44,984.98,984.98,1048.83,1048.83,1051.09,1051.09,989.63,989.63,994.86,965.3,1059.61,1027.96,1064.46,1064.46,1048.61,1061.8,1037.05,1050.4,1050.97,1044.23,1060.9,1015.5,1038.66,995.57,1085.25,1031.61,1054.48,1015.65,1018.02,1093.19,1093.19,1006.97,961.31,1037.08,1034.13,1139.46,1139.46,1042.68,1042.68,1089.71,1089.71,1186.88,1186.88,1186.88,937.25,933.51,903.17,959.59,927.83,980.9,994.39,994.39,949.01,939.77,937.69,962.94,985.03,1086.84,995.14,929.53,824.22,967.2,952.44,1056.79,992.58,944.65,950.65,835.93,830.19,818.73,870.43,810.9,796.59,792.01,781.09,769.04,817.5,717.87,717.87,815.67,759.5,854.6,911.85,843.33,815.76,884.61,851.14,945.74,948.65,921.45,1016.22,983.11,851.12,851.12,829.65,737.85,737.85,839.38,839.38,858.29,871.55,838.55,871.83,843.98,897.48,975.28,989.54,947.58,892.19,848.14,918.08,912.99,804.35,804.35,870.31,870.31,819.64,814.02,836.83,822.49,806.04,824.26,788.71,788.93,871.1,767.79,803.72,803.72,770.44,770.44,838.67,771.49,776.38,953.94,891.48,1393.53,1370.18,1367.56,,1263.69,1424.36,,,868.14,838.72,875.24,895.48,860.13,816.04,814.28,767.15,759.78,814.04,821.92,823.21,850.82,825.96,816.29,823.96,881.01,933.99,873.66,871.49,1018.34,874.68,884.73,915.51,942.82,980.36,838.47,1042.15,1042.15,1042.15,1472.94,1472.94,1472.94,1408.99,1405.79,1338.76,1428.22,900,900,900,1461.98,1333.82,1245.83,1486.39,1486.33,1521.35,1436.95,1499.55,1534.26,1617.06,1494.54,1504.08,911.68,911.68,911.68,967.83,1008.84,1054.11,983.98,994.32,971.68,984.34,972.17,920.8,940.8,927.26,946.87,948.37,888.99,983.57,982,987.12,952.19,985.16,1008.99,989.59,974,948.29,939.42,952.43,899.53,939.69,874.07,848.99,875.69,1239.64,1238.18,1153.68,1294.84,1251.98,1242.14,1260.66,1271.37,1260.26,1256.9,1271.11,1234.38,1244.36,1292.61,1286.67,1312.41,1349.2,1238.46,1188.18,1244.71,1135.5,1175.7,1198.07,1112.24,1320.66,980.61,968.77,961.88,1074.66,989.57,919.03,1040.51,1304.32,1304.32,1250.77,1250.77,1479.85,1464.06,1522.35,1404.6,1509.25,1500.81,1520.34,1442.63,1486.1,1378.59,1485.6,1423.55,1570.07,1014.74,1004.91,1083.52,916.99,1335.86,1328.19,1215.64,1368.52,1360.78,1293.82,948.92,948.11,939.98,902.45,957.08,993.09,761.96,761.96,909.21,872.22,839.97,907.89,904.77,901.14,903.71,907.38,974.77,952.22,1023.09,977.94,891.55,891.55,891.55,795.36,795.36,795.36,886.87,878.32,833.5,970.93,914.14,883.06,817.56,857.38,939.08,,,,815.81,809.66,776.83,842.34,810.39,804.08,830.36,814.77,743.91,983.3,1095.07,1107.55,1084.66,1057.5,963.56,1103.67,1076.73,936.6,1086.27,1034.03,1075.16,893.04,1065.41,1061.16,990.53,1018.29,950.17,1000.07,999.7,923.52,999.39,1048.09,922.42,901.97,902.57,972.32,856.25,777.37,925.47,907.14,838.58,805.4,886.36,852.19,865.11,895.95,951.25,914.84,917.14,887.78,950.33,927.8,1026.23,1053.51,976.39,1153.65,1104.03,1044.89,1101.03,1289.26,1149.71,1022.77,1022.77,1593.58,,,,,,,1182.1,1168.18,1168.18,1273.37,1265.14,1279.89,1197.12,1175.9,1117.66,1307.08,1254.85,1280.71,1225.26,1138.44,1113.36,1190.62,1126.75,1093.84,1144.07,1139.69,1197.7,1204.73,1193.2,1178.15,1226.65,1166.4,1165.44,1037.45,1037.45,1164.47,1168.23,1155.53,1088.48,1069.89,1111.86,1008.5,1128.72,963.13,903.6
2018,994.75,998.29,944.18,916.33,916.33,881.75,895.29,863.05,898.47,867.54,871.81,1065.71,874.42,1121.86,1073.97,1041.27,1066.45,1588.58,1671.6,1737.94,1698.96,1631.93,1622.74,1496.91,1486.37,1513.73,1212.28,1210.08,1066.1,1250.78,1195.33,1378.14,1198.43,1158.14,1194.76,1294.24,1023.86,1021.22,1018.55,1073.5,1010.88,992.32,1038.99,1030.19,943.05,929.6,977.53,938.86,924.97,976.47,896.73,1038.66,1064.96,1071.74,1031.11,992.85,951.99,1011.32,1011.32,1055.29,1055.29,1065.26,1065.26,1004.8,1004.8,992.28,959.51,1034.25,1052.87,1098.21,1098.21,1060.68,1074.86,1041.32,1056.47,1073.77,1062.09,1077.48,1038.83,1046.28,1011.6,1106.04,1035.25,1050.09,1030.72,1025.05,1136.12,1136.12,1025.08,969.4,1064.27,1055.59,1149.81,1149.81,1068.37,1068.37,1089.75,1089.75,1180.61,1180.61,1180.61,921.37,916.31,889.2,952.69,900.09,930.1,946.91,946.91,882.66,881.66,877.85,884.21,934.13,1000.61,954.02,869.17,790.56,918.31,893.44,1015.97,942.97,906.48,902.71,825.03,829.07,817.84,865.44,815.9,784.4,778.03,759.36,795.59,803.9,688.01,688.01,796.96,755.58,813.72,887.23,832.58,806.17,876.63,817.12,941.23,949.46,886.73,948.41,1007.53,880.52,880.52,817.77,724.67,724.67,828.65,828.65,841.57,845.72,835.17,876.09,847.06,903.59,971.32,991.14,932.86,888.52,855.15,900.15,909.51,784.57,784.57,869.84,869.84,804.35,791.68,836.1,814.82,797.9,828.19,769.23,766.14,842.04,747.41,783.85,783.85,746.79,746.79,844.14,772.35,774.89,875.66,927.77,1312.14,1331.49,1329.69,,1198.83,1402.2,,,829.92,820.53,858.36,879.82,849.42,795.89,788.91,753.29,726,789.99,804.88,793.68,801.7,790.08,757.18,761.69,828.31,877.64,818.95,818.95,956.16,823.92,839.86,854.22,883.55,914.66,798.32,944.02,944.02,944.02,1463.62,1463.62,1463.62,1377.01,1373.37,1337.7,1385.84,878.67,878.67,878.67,1438.46,1314.59,1234.09,1450.31,1452.12,1490.19,1405.19,1460.74,1516.11,1607.8,1511.66,1440.77,902.22,902.22,902.22,966.86,1009.57,1036.24,992.45,1003.17,974.39,990.54,968.5,951.68,942.59,921.51,951.3,950.35,894.91,972.82,974.18,970.95,944.39,989.08,982.27,989.82,987.69,927.85,939.76,922.53,887.21,927.05,848.92,851.75,851.98,1248.88,1227.83,1148.87,1281.2,1292.24,1288.33,1281.17,1324.39,1256.78,1266.61,1223.75,1265.87,1300.32,1312.21,1205.92,1313.57,1346.99,1246.16,1186.23,1239.01,1121.4,1199.98,1208.67,1125.08,1328.77,992.52,980.04,967.3,1067.2,985.43,951.38,1062.68,1297.87,1297.87,1340.42,1340.42,1474.02,1460.6,1504.69,1414.81,1538.14,1548.73,1524.09,1435.44,1466.5,1392.02,1428.75,1377.16,1498.23,984.92,972.74,1054.32,884.04,1308.74,1300.45,1203.47,1341.19,1328.43,1262.99,944.45,943.46,928.23,892.75,958.87,995.85,848.99,848.99,897.29,870.86,841.29,902.78,889.56,881.16,896.22,888.68,950.73,924.24,974.41,979.98,868.51,868.51,868.51,868.56,868.56,868.56,871.17,867.15,820.19,970.48,889.96,887.16,811.73,857.08,910.09,,,,798.02,793.22,759.31,830.84,788.31,788.07,817.52,797.17,710.22,966.34,1085.29,1098.63,1074.55,1042.48,919.61,1064.48,1071.31,935.97,1103.27,1020.84,1029.88,885.24,1053.86,1059.13,979.43,1001.28,944.1,993.91,991.31,923.84,993.96,1032.97,902.54,885.06,892.65,938.27,839.45,721.63,913.51,885.07,861.2,783.97,869.36,832.79,841.98,871.85,956.86,892.53,888.15,866.77,946.91,907.59,1029.75,1052.7,988.11,1120.32,1059.34,1047.78,1067.54,1228,1140.42,995.8,995.8,1539.39,,,,,,,1179.91,1123.8,1123.8,1244.31,1265.11,1228.06,1163.08,1136.11,1073.19,1294.01,1236.17,1248.89,1221.36,1120.21,1102.82,1156.05,1114.84,1082.36,1155.54,1097.12,1150.9,1139.86,1158.25,1165.28,1236.16,1164.23,1140.98,988.66,988.66,1151.88,1133.24,1174.28,1066.62,1017.11,1152.35,1064.99,1156.71,1043.45,970.94
2019,968.7,,910.45,914.93,914.93,848.06,857.62,844.13,877.01,830.83,825.44,1025.07,834.5,1089.97,1019.67,988.99,1040.25,1565.02,1637.85,1741.58,1645.41,1558.99,1606.87,1483.42,1479.24,1489.57,1182.44,1180.22,1033.1,1200.38,1199.51,1329.48,1157.86,1135.42,1158.26,1280.61,978.09,975.6,981.4,1035.68,959.98,937.59,991.72,994.02,926.8,909.08,962.41,927.01,911.69,952.97,887.68,1014.49,1020.19,1019.5,1015.81,940.57,940.22,954.37,954.37,1005.52,1005.52,1007.78,1007.78,953.01,953.01,965.34,937.25,1021.93,1001.84,1062.37,1062.37,1019.43,1033.7,1005.11,1022.34,1022.71,1021.01,1031.68,1000.65,1013.84,969.63,1063.99,1002.61,1010.87,990.72,999.5,1093.48,1093.48,985.29,938.5,1029.88,990.16,1087.35,1087.35,1015.31,1015.31,1047.86,1047.86,1126.97,1126.97,1126.97,880.93,878.83,867.29,903.05,864.78,946.18,959.28,959.28,911.5,873.24,911.62,928.18,945.95,1007.16,961.86,910.54,798.26,940.56,914.17,1013.74,981.87,929.59,918.08,790.5,790.88,775.04,833.68,788.96,752.72,754.59,717.44,768.05,762.65,675.26,675.26,776.13,732.63,798.79,862.32,791.5,767.26,831.85,773.58,898.82,899.86,887.29,931.6,926.61,817.75,817.75,805.84,712.36,712.36,821.15,821.15,828.5,838.55,813.15,866.31,838.72,892.47,941.19,950.07,924.06,867.05,823.23,881.78,894.5,776.66,776.66,843.78,843.78,797.34,783.1,841.39,805.4,780.81,799.24,763.17,764.02,840.1,745.2,778.93,778.93,743.73,743.73,865.2,813.59,819.64,905.82,895.4,1371.34,1289.19,1287.12,,1161.24,,,,829.25,806.35,842.07,821.92,824.37,785.8,775.8,737.61,720.47,773.11,783.81,786.44,807.5,791.81,764.1,764.56,838.21,891.59,822.45,851.62,968.68,832.24,872.28,883.64,907.14,941.63,814.58,970.26,970.26,970.26,1399.03,1399.03,1399.03,1314.12,1310.94,1281.91,1321.98,843.94,843.94,843.94,1406.04,1272.31,1193.56,1404.56,1419.13,1460.27,1361.75,1435.83,1495.44,1575.33,1488.32,1433.25,864.26,864.26,864.26,934.85,957.57,987.46,944.43,944.18,948.43,958.64,947.46,913.4,911.51,925.02,916.33,912.88,847.27,942.08,937.24,952.24,919.86,951.74,983.97,962.38,931.16,910.94,908.02,912.6,875.8,915.12,849.64,844.96,820.64,1210.25,1202.3,1140.2,1244.05,1246.24,1227.02,1246.32,1311.87,1224.26,1232.99,1195.85,1222.27,1241.56,1269.53,1176.09,1265,1290.13,1214.71,1149.34,1185.9,1117.85,1140.02,1164.66,1078,1290.37,965.7,953.91,937.9,1015.34,961.11,932.67,1052.08,1266.95,1266.95,1286.67,1286.67,1427.23,1402.37,1427.57,1376.43,1480.57,1469.77,1495.02,1398.11,1437.09,1344.05,1400.44,1354.79,1462.13,962.24,949.64,1019.79,872.99,1249.23,1241.13,1130.23,1251.2,1300.63,1223,913.14,911.99,898.53,872.41,928.12,952.08,802.46,802.46,848.06,814,783.14,848.95,840.7,809.53,846.93,851.04,916.68,889.47,942.71,943.97,861.04,861.04,861.04,806.8,806.8,806.8,849.33,845.66,,903.48,,,,866.08,914.15,,,,786.84,782.51,735.08,816.46,787.31,786.95,819.46,762.57,712.19,,,,,,,,,,,,,,,,,,,,,,,,,,,,,,,,,,,,,,,,,,,,,,,,,,,,,,,1513.87,,,,,,,938.24,1104.12,1104.12,1207.65,1211.63,1205.02,1161.27,1144.83,1089,1260.32,1195.72,1204.38,1186.5,1093.16,1077.73,1125.14,1120.24,1071.64,1166.97,1113.33,1123.46,1147.95,1107.86,1136.75,1175.88,1125.96,1127.41,987.77,987.77,1124.32,1117.38,1130.67,1062.25,1027.18,1117.83,1111.85,1219.8,1102.08,975.96
2020,1061.41,,1050.91,1150.25,1150.25,951.96,971.79,931.53,979.36,916.47,941.62,1235.34,965.83,1314.23,1282.37,1114.21,1209.53,1786.72,1854.37,1951.07,1911.79,1769.53,1798.02,1721.9,1702.41,1750.75,1347.3,1351.48,1152.15,1358.98,1335.56,1565.9,1315.07,1295.91,1387.53,1481.64,970.33,977.57,993.35,1047.93,958.81,937.62,962.59,1020.38,951.61,942,975.94,953.71,933.94,1004.15,935.34,1086.33,1087.79,1088.75,1063.04,974.68,982.64,1027.16,1027.16,1062.67,1062.67,1064.54,1064.54,990.51,990.51,1004.49,975.3,1053.98,1049.92,1048.79,1048.79,1036.14,1041.07,1023.87,1030.3,1050.59,1048.18,1070.83,1018.65,1038.67,989.71,1090.52,1024.5,1038.13,1007.48,1018.68,1104.68,1104.68,1097.74,1076.92,1157.72,1031.93,1126.17,1126.17,1006.05,1006.05,1066.84,1066.84,1142.08,1146.87,1146.87,891.88,899.69,868.37,895,918.04,982.37,996.67,996.67,916.6,891.61,912.96,930.13,1063.92,1150.78,1099.04,1006.5,815.04,971.03,995.93,1037.69,1011.14,925.19,928.39,918.85,840.57,804.44,934.99,845.43,872.85,837.02,848.75,902.54,936.05,949.56,949.56,978.31,918.02,1063.58,995.42,919.09,942.33,902.57,810.26,981.36,986.34,937.8,1116.09,1148.6,831.22,831.22,863.46,850.37,850.37,862.46,862.46,917.53,912.06,926.76,910.58,864.71,955.39,1028.9,1034.43,1018.14,974.11,950.67,956.98,1004.62,798.56,798.56,842.87,842.87,802.76,788.33,841.82,813.49,806.96,835.62,779.26,866.31,896.9,859.51,828.27,828.27,762.87,762.87,883.26,877.82,834,854.9,871.81,1799.01,1404.77,1406.17,1667.06,1234.76,,1311.11,1457.03,953.42,1049.95,1045.54,1072.94,990.99,1064.47,908.95,895.51,931.68,896.36,895.69,925.68,881.83,861.49,819.17,880.05,905.87,960.76,894.79,903.58,1048.3,916.78,893.08,905.47,958.99,987.17,883.3,979.86,991.95,991.95,1445.21,1450.69,1450.69,1482,1484.2,1423.36,1506.99,905.11,911.74,911.74,1512.75,1372.09,1292.31,1502.49,1544.18,1583.45,1525.84,1521.48,1623.11,1714.26,1620.76,1547.21,926.27,938.98,938.98,1020.55,993.18,1016.27,959.42,1010.72,1034.45,1051.29,1029.39,1001.29,1006.98,995.67,1003.4,1029.98,891.34,1070.49,1071.54,1069.78,993.92,1019.31,1011.87,1012.52,1025.31,1029.06,1018.19,1034.19,947.78,989.22,921.21,909.47,900.38,1393.13,1389.03,1330.95,1426.74,1429.5,1426.5,1401.62,1490.49,1408.69,1407.49,1405.93,1391.19,1430.93,1428.39,1331.88,1485.09,1505.66,1443.47,1358.63,1394.61,1338.5,1330.61,1360.58,1245.88,1528.52,1044.03,1066.98,1082.01,1079.71,1051.01,1048.07,1148.22,1363.67,1363.67,1313.61,1313.61,1621.57,1631.03,1665.74,1595,1661.63,1674.54,1645.76,1623.27,1659.98,1573.4,1572.83,1489.8,1683.99,1112.42,1109.8,1214.79,995.27,1365.47,1369.08,1203.39,1411.82,1389.21,1369.07,916.64,922.68,898.88,905.76,925.03,965.26,864.3,864.3,934.38,946.03,957.15,936.51,920.91,919.86,924.05,918.71,980.44,956.33,1046.34,972.21,848.17,856.02,856.02,961.18,967.46,967.46,828.46,835.19,,896.81,,,,797.94,879.29,812.74,860.94,797.89,869.31,872.84,888.45,896.63,850.14,832.42,901.53,837.99,893.15,,,,,,,,,,,,,,,,,,,,,,,,,,,,,,,,,,,,,,,,,,,,,,,,,,,,,,,1724.93,1712.07,1645.06,1770.3,1750.41,1700.34,1814.25,,,,,,,,,,,,,,,,,,,,,,,,,,,,,,,,,,,,,,,
